[{"model":"sentry.option","pk":1,"fields":{"key":"sentry:last_worker_ping","last_updated":"2024-07-25T16:43:00.183Z","last_updated_by":"unknown","value":1721925780.0901012}},{"model":"sentry.option","pk":2,"fields":{"key":"sentry:last_worker_version","last_updated":"2024-07-25T16:43:00.189Z","last_updated_by":"unknown","value":"\"24.1.0\""}},{"model":"sentry.option","pk":3,"fields":{"key":"system.url-prefix","last_updated":"2024-07-24T17:50:13.698Z","last_updated_by":"application","value":"\"http://localhost:9001\""}},{"model":"sentry.option","pk":4,"fields":{"key":"system.admin-email","last_updated":"2024-07-24T17:50:13.706Z","last_updated_by":"application","value":"\"admin@tanf.com\""}},{"model":"sentry.option","pk":5,"fields":{"key":"mail.port","last_updated":"2024-07-24T17:50:13.709Z","last_updated_by":"application","value":25}},{"model":"sentry.option","pk":6,"fields":{"key":"mail.username","last_updated":"2024-07-24T17:50:13.712Z","last_updated_by":"application","value":"\"\""}},{"model":"sentry.option","pk":7,"fields":{"key":"mail.password","last_updated":"2024-07-24T17:50:13.714Z","last_updated_by":"application","value":"\"\""}},{"model":"sentry.option","pk":8,"fields":{"key":"mail.use-tls","last_updated":"2024-07-24T17:50:13.717Z","last_updated_by":"application","value":false}},{"model":"sentry.option","pk":9,"fields":{"key":"mail.use-ssl","last_updated":"2024-07-24T17:50:13.720Z","last_updated_by":"application","value":false}},{"model":"sentry.option","pk":10,"fields":{"key":"auth.allow-registration","last_updated":"2024-07-24T17:50:13.722Z","last_updated_by":"application","value":false}},{"model":"sentry.option","pk":11,"fields":{"key":"sentry:version-configured","last_updated":"2024-07-24T17:50:13.725Z","last_updated_by":"application","value":"\"24.1.0.unknown\""}},{"model":"sentry.option","pk":12,"fields":{"key":"sentry:install-id","last_updated":"2024-07-25T14:00:00.242Z","last_updated_by":"unknown","value":"\"87ecb663a78a9de05abd9d1d11d8cc6abbae4820\""}},{"model":"sentry.option","pk":13,"fields":{"key":"sentry:latest_version","last_updated":"2024-07-25T16:00:03.303Z","last_updated_by":"unknown","value":"\"24.7.1\""}},{"model":"sentry.organization","pk":1,"fields":{"name":"Sentry","slug":"sentry","status":0,"date_added":"2024-07-24T17:21:46.357Z","default_role":"member","is_test":false,"flags":"1"}},{"model":"sentry.project","pk":1,"fields":{"slug":"internal","name":"Internal","forced_color":null,"organization":1,"public":false,"date_added":"2024-07-24T17:21:46.381Z","status":0,"first_event":null,"flags":"27","platform":null}},{"model":"sentry.project","pk":2,"fields":{"slug":"python-django","name":"python-django","forced_color":null,"organization":1,"public":false,"date_added":"2024-07-25T13:54:43.960Z","status":0,"first_event":null,"flags":"14","platform":"python-django"}},{"model":"sentry.projectkey","pk":1,"fields":{"project":1,"label":"Default","public_key":"79983d32a9ca3e189c496300b73b486c","secret_key":"c66c5fac59181045284ddce79e903e3c","roles":"1","status":0,"date_added":"2024-07-24T17:21:46.398Z","rate_limit_count":null,"rate_limit_window":null,"data":{"dynamicSdkLoaderOptions":{"hasPerformance":true,"hasReplay":true}}}},{"model":"sentry.projectkey","pk":2,"fields":{"project":2,"label":"Default","public_key":"99f21b99fdc8ad374857c9cd8e45f34f","secret_key":"280ed1a85409fd91705adab7b715af6f","roles":"1","status":0,"date_added":"2024-07-25T13:54:44.027Z","rate_limit_count":null,"rate_limit_window":null,"data":{"dynamicSdkLoaderOptions":{"hasPerformance":true,"hasReplay":true}}}},{"model":"sentry.projectoption","pk":1,"fields":{"project":1,"key":"sentry:relay-rev","value":"\"bdc88e5987784e12b697236eee8544d1\""}},{"model":"sentry.projectoption","pk":2,"fields":{"project":1,"key":"sentry:relay-rev-lastchange","value":"\"2024-07-24T17:50:35.177430Z\""}},{"model":"sentry.projectoption","pk":3,"fields":{"project":1,"key":"sentry:option-epoch","value":11}},{"model":"sentry.projectoption","pk":4,"fields":{"project":1,"key":"sentry:origins","value":"[\"*\"]"}},{"model":"sentry.projectoption","pk":5,"fields":{"project":1,"key":"sentry:token","value":"\"3a959ec649e511ef9a110242ac130031\""}},{"model":"sentry.projectoption","pk":6,"fields":{"project":2,"key":"sentry:relay-rev","value":"\"1fbb8f81144f44e69db606f06ae9b96a\""}},{"model":"sentry.projectoption","pk":7,"fields":{"project":2,"key":"sentry:relay-rev-lastchange","value":"\"2024-07-25T15:17:00.296974Z\""}},{"model":"sentry.projectoption","pk":8,"fields":{"project":2,"key":"sentry:option-epoch","value":11}},{"model":"sentry.projectoption","pk":9,"fields":{"project":2,"key":"sentry:token","value":"\"72c41b6c4a8d11efbed00242ac13002e\""}},{"model":"sentry.projectoption","pk":10,"fields":{"project":2,"key":"sentry:transaction_name_cluster_meta","value":"{\"runs\":2,\"first_run\":1721917020,\"last_run\":1721920620}"}},{"model":"sentry.projectoption","pk":11,"fields":{"project":2,"key":"sentry:transaction_name_cluster_rules","value":"[]"}},{"model":"sentry.projectoption","pk":12,"fields":{"project":2,"key":"sentry:release-token","value":"\"1b5b4d0e4a9311efbed00242ac13002e\""}},{"model":"sentry.relay","pk":1,"fields":{"relay_id":"a983e288-5153-4d7d-95e9-67884fa5cefc","public_key":"XsA5dDWgBTdRr7idr-38LwANt_DAq7NSI4bIvFHZdlE","first_seen":null,"last_seen":null,"is_internal":true}},{"model":"sentry.relayusage","pk":1,"fields":{"relay_id":"a983e288-5153-4d7d-95e9-67884fa5cefc","version":"24.1.0","first_seen":"2024-07-24T17:25:05.871Z","last_seen":"2024-07-25T14:28:20.605Z","public_key":"XsA5dDWgBTdRr7idr-38LwANt_DAq7NSI4bIvFHZdlE"}},{"model":"sentry.team","pk":1,"fields":{"organization":1,"slug":"sentry","name":"Sentry","status":0,"actor":1,"idp_provisioned":false,"date_added":"2024-07-24T17:21:46.368Z","org_role":null}},{"model":"sentry.user","pk":1,"fields":{"password":"pbkdf2_sha256$260000$0AjV4wfMuc4lumJv7HERCO$plrEcm/Jy3Sl7Q9tj3jIV2I5rEaifd+KraSpmX/Q3TI=","last_login":"2024-07-24T17:50:09.652Z","username":"admin@tanf.com","name":"","email":"admin@tanf.com","is_staff":true,"is_active":true,"is_unclaimed":false,"is_superuser":true,"is_managed":false,"is_sentry_app":null,"is_password_expired":false,"last_password_change":"2024-07-24T17:23:25.228Z","flags":"0","session_nonce":null,"date_joined":"2024-07-24T17:23:24.997Z","last_active":"2024-07-25T15:54:04.906Z","avatar_type":0,"avatar_url":null}},{"model":"sentry.userip","pk":1,"fields":{"user":1,"ip_address":"192.168.65.1","country_code":null,"region_code":null,"first_seen":"2024-07-24T17:50:09.894Z","last_seen":"2024-07-25T15:54:04.906Z"}},{"model":"sentry.userrole","pk":1,"fields":{"date_updated":"2024-07-24T17:21:46.345Z","date_added":"2024-07-24T17:21:46.345Z","name":"Super Admin","permissions":"['broadcasts.admin', 'users.admin', 'options.admin']"}},{"model":"sentry.userroleuser","pk":1,"fields":{"date_updated":"2024-07-24T17:23:25.251Z","date_added":"2024-07-24T17:23:25.251Z","user":1,"role":1}},{"model":"sentry.projectteam","pk":1,"fields":{"project":1,"team":1}},{"model":"sentry.projectteam","pk":2,"fields":{"project":2,"team":1}},{"model":"sentry.organizationmember","pk":1,"fields":{"organization":1,"user_id":1,"email":null,"role":"owner","flags":"0","token":null,"date_added":"2024-07-24T17:23:25.030Z","token_expires_at":null,"has_global_access":true,"inviter_id":null,"invite_status":0,"type":50,"user_is_active":true,"user_email":"admin@tanf.com"}},{"model":"sentry.environment","pk":1,"fields":{"organization_id":1,"name":"production","date_added":"2024-07-25T13:58:52.695Z"}},{"model":"sentry.environment","pk":2,"fields":{"organization_id":1,"name":"prod","date_added":"2024-07-25T15:56:14.474Z"}},{"model":"sentry.email","pk":1,"fields":{"email":"admin@tanf.com","date_added":"2024-07-24T17:23:25.004Z"}},{"model":"sentry.counter","pk":1,"fields":{"project":2,"value":1}},{"model":"sentry.actor","pk":1,"fields":{"type":0,"user_id":null,"team":1}},{"model":"sentry.useremail","pk":1,"fields":{"user":1,"email":"admin@tanf.com","validation_hash":"b0eDHicDKe4xGwYmtl3rOokz29WTv0qL","date_hash_added":"2024-07-24T17:23:25.002Z","is_verified":false}},{"model":"sentry.rule","pk":1,"fields":{"project":1,"environment_id":null,"label":"Send a notification for new issues","data":"{\"match\":\"all\",\"conditions\":[{\"id\":\"sentry.rules.conditions.first_seen_event.FirstSeenEventCondition\"}],\"actions\":[{\"id\":\"sentry.mail.actions.NotifyEmailAction\",\"targetType\":\"IssueOwners\",\"targetIdentifier\":null,\"fallthroughType\":\"ActiveMembers\"}]}","status":0,"source":0,"owner":null,"date_added":"2024-07-24T17:21:46.406Z"}},{"model":"sentry.rule","pk":2,"fields":{"project":2,"environment_id":null,"label":"Send a notification for new issues","data":"{\"match\":\"all\",\"conditions\":[{\"id\":\"sentry.rules.conditions.first_seen_event.FirstSeenEventCondition\"}],\"actions\":[{\"id\":\"sentry.mail.actions.NotifyEmailAction\",\"targetType\":\"IssueOwners\",\"targetIdentifier\":null,\"fallthroughType\":\"ActiveMembers\"}]}","status":0,"source":0,"owner":null,"date_added":"2024-07-25T13:54:44.108Z"}},{"model":"sentry.organizationmemberteam","pk":1,"fields":{"team":1,"organizationmember":1,"is_active":true,"role":null}},{"model":"sentry.environmentproject","pk":1,"fields":{"project":2,"environment":1,"is_hidden":null}},{"model":"sentry.environmentproject","pk":2,"fields":{"project":2,"environment":2,"is_hidden":null}}]